{"name":"6042e0d8-1b38-45c8-bf07-247bd4126e6a","id":"/providers/Microsoft.Flow/flows/6042e0d8-1b38-45c8-bf07-247bd4126e6a","type":"Microsoft.Flow/flows","properties":{"apiId":"/providers/Microsoft.PowerApps/apis/shared_logicflows","displayName":"Authenticate Graph API","definition":{"metadata":{"workflowEntityId":null,"creator":{"id":"7c3531f0-a96c-4e3d-8d22-f4d730a96d1b","type":"User","tenantId":"f50d518a-e13c-4359-85f6-ef76484f4c32"},"provisioningMethod":"FromDefinition","failureAlertSubscription":true,"clientLastModifiedTime":"2020-03-11T01:36:39.6596466Z"},"$schema":"https://schema.management.azure.com/providers/Microsoft.Logic/schemas/2016-06-01/workflowdefinition.json#","contentVersion":"1.0.0.0","parameters":{"$authentication":{"defaultValue":{},"type":"SecureObject"}},"triggers":{"manual":{"type":"Request","kind":"Button","inputs":{"schema":{"type":"object","properties":{"text":{"title":"AppID","type":"string","x-ms-dynamically-added":true,"description":"Please enter your input","x-ms-content-hint":"TEXT"},"text_1":{"title":"Client Secret","type":"string","x-ms-dynamically-added":true,"description":"Please enter your input","x-ms-content-hint":"TEXT"},"text_2":{"title":"Organization","type":"string","x-ms-dynamically-added":true,"description":"Please enter your input","x-ms-content-hint":"TEXT"}},"required":["text","text_1","text_2"]}}}},"actions":{"HTTP_request_for_access_token":{"runAfter":{},"type":"Http","inputs":{"method":"POST","uri":"https://login.microsoftonline.com/@{triggerBody()['text_2']}/oauth2/token","headers":{"Content-Type":"application/x-www-form-urlencoded"},"body":"client_id=@{triggerBody()['text']}\n&scope=https://graph.microsoft.com/.default\n&client_secret=@{triggerBody()['text_1']}\n&grant_type=client_credentials"}},"Parse_HTTP_response_to_retrieve_token":{"runAfter":{"HTTP_request_for_access_token":["Succeeded"]},"type":"ParseJson","inputs":{"content":"@body('HTTP_request_for_access_token')","schema":{"type":"object","properties":{"token_type":{"type":"string"},"expires_in":{"type":"string"},"ext_expires_in":{"type":"string"},"expires_on":{"type":"string"},"not_before":{"type":"string"},"resource":{"type":"string"},"access_token":{"type":"string"}}}}},"Initialize_Access_Token_Variable":{"runAfter":{"Parse_HTTP_response_to_retrieve_token":["Succeeded"]},"type":"InitializeVariable","inputs":{"variables":[{"name":"AccessToken","type":"string","value":"@body('Parse_HTTP_response_to_retrieve_token')?['access_token']"}]}}}},"connectionReferences":{},"flowFailureAlertSubscribed":false}}