{"schemaVersion":"1.0","appDefinitionTemplate":{"id":"/providers/Microsoft.PowerApps/apps/","type":"Microsoft.PowerApps/apps","tags":{"primaryDeviceWidth":"1366","primaryDeviceHeight":"768","sienaVersion":"20200614T163325Z-3.20061.27.0","deviceCapabilities":"","supportsPortrait":"false","supportsLandscape":"true","primaryFormFactor":"Tablet","publisherVersion":"3.20061.27","minimumRequiredApiVersion":"2.2.0","hasComponent":"false","hasUnlockedComponent":"false","isUnifiedRootApp":"false"},"properties":{"appVersion":"2020-06-14T16:33:25Z","lifeCycleId":"Published","createdByClientVersion":{"major":3,"minor":20061,"build":27,"revision":0,"majorRevision":0,"minorRevision":0},"minClientVersion":{"major":3,"minor":20061,"build":27,"revision":0,"majorRevision":0,"minorRevision":0},"backgroundColor":"rgba(0, 176, 240, 1)","backgroundImageUri":"/8165589545217196406/N7b2c4f06-049e-489a-bd69-bed81ca92aa7-logoSmallFile","displayName":"Sample Chart","description":"","commitMessage":"","appUris":{"documentUri":{"value":"/8165589545217196406/Nba890b10-ac61-4436-85a7-f3c7e6706aa8-document.msapp","readonlyValue":"/8165589545217196406/Nba890b10-ac61-4436-85a7-f3c7e6706aa8-document.msapp"},"imageUris":[]},"createdTime":"0001-01-01T00:00:00Z","lastModifiedTime":"0001-01-01T00:00:00Z","sharedGroupsCount":0,"sharedUsersCount":0,"icons":{"smallIconUri":"/8165589545217196406/N33829574-a088-4982-89e4-d911037ef425-small.png","mediumIconUri":"/8165589545217196406/N29522b95-bde1-479f-8c49-9c7890efb050-medium.png","largeIconUri":"/8165589545217196406/N676ce27a-68ba-473a-ac64-8e78cea685fe-large.png","wideIconUri":"/8165589545217196406/N365f4f86-cc3d-4764-a0fe-04d5e6615cfa-wide.png"},"connectionReferences":{"c264d14e-49a5-4f83-aa0f-be2cecb09d97":{"id":"5fb15bc4-f462-4979-8405-3f36e63b648e","displayName":"Logic flows","iconUri":"https://resourcestackdeploy.blob.core.windows.net/scripts/13276078.png","dataSources":["ChartGenerationFlow"],"dependencies":["e611a866-f21e-4f36-b925-709e105d06a2"],"dependents":[],"parameterHints":{"workflowName":{"value":"e9e17d82-a2b3-4356-a989-57cc0a749618"},"e611a866-f21e-4f36-b925-709e105d06a2":{"value":"shared_sharepointonline"}},"isOnPremiseConnection":false,"bypassConsent":false,"dataSets":{},"apiTier":"Standard","isCustomApiConnection":false},"e611a866-f21e-4f36-b925-709e105d06a2":{"id":"422b3fca-7b5a-455c-9c9c-03c654a7d936","displayName":"SharePoint","iconUri":"https://connectoricons-prod.azureedge.net/sharepointonline/icon_1.0.1355.2022.png","dataSources":[],"dependencies":[],"dependents":["c264d14e-49a5-4f83-aa0f-be2cecb09d97"],"parameterHints":{},"isOnPremiseConnection":false,"bypassConsent":false,"dataSets":{},"apiTier":"Standard","isCustomApiConnection":false}},"databaseReferences":{},"almMode":"Environment","performanceOptimizationEnabled":true,"canConsumeAppPass":true},"isAppComponentLibrary":false,"appType":"ClassicCanvasApp","appComponents":[]}}