{"schemaVersion":"1.0","appDefinitionTemplate":{"id":"/providers/Microsoft.PowerApps/apps/","type":"Microsoft.PowerApps/apps","tags":{"primaryDeviceWidth":"1366","primaryDeviceHeight":"768","sienaVersion":"20200607T024319Z-3.20054.18.0","deviceCapabilities":"","supportsPortrait":"false","supportsLandscape":"true","primaryFormFactor":"Tablet","publisherVersion":"3.20054.18","minimumRequiredApiVersion":"2.2.0","hasComponent":"false","hasUnlockedComponent":"false","isUnifiedRootApp":"false"},"properties":{"appVersion":"2020-06-07T02:43:19Z","lifeCycleId":"Published","createdByClientVersion":{"major":3,"minor":20054,"build":18,"revision":0,"majorRevision":0,"minorRevision":0},"minClientVersion":{"major":3,"minor":20054,"build":18,"revision":0,"majorRevision":0,"minorRevision":0},"backgroundColor":"rgba(0, 176, 240, 1)","backgroundImageUri":"/8165589545217196406/N5c20af23-1e9d-4088-9a1b-341c0f1012c9-logoSmallFile","displayName":"Sample Chart","description":"","commitMessage":"","appUris":{"documentUri":{"value":"/8165589545217196406/Nbfaa6b70-1a5a-4276-af3c-faa4b63a7472-document.msapp","readonlyValue":"/8165589545217196406/Nbfaa6b70-1a5a-4276-af3c-faa4b63a7472-document.msapp"},"imageUris":[]},"createdTime":"0001-01-01T00:00:00Z","lastModifiedTime":"0001-01-01T00:00:00Z","sharedGroupsCount":0,"sharedUsersCount":0,"icons":{"smallIconUri":"/8165589545217196406/Nf90e5703-b796-4b5a-94e4-77f1f22e6eab-small.png","mediumIconUri":"/8165589545217196406/N09ebad84-fb81-48de-8fb9-b80da1239247-medium.png","largeIconUri":"/8165589545217196406/Nea9db684-9148-4980-a098-3215e5d1454e-large.png","wideIconUri":"/8165589545217196406/Na058b55d-4f35-42aa-8f3f-db5d2b5e48a1-wide.png"},"connectionReferences":{},"databaseReferences":{},"almMode":"Environment","performanceOptimizationEnabled":true,"canConsumeAppPass":true},"isAppComponentLibrary":false,"appType":"ClassicCanvasApp","appComponents":[]}}