{"name":"98d1383b-7707-455d-8c62-7abab625b0da","id":"/providers/Microsoft.Flow/flows/98d1383b-7707-455d-8c62-7abab625b0da","type":"Microsoft.Flow/flows","properties":{"apiId":"/providers/Microsoft.PowerApps/apis/shared_logicflows","displayName":"ChartGenerationFlow","definition":{"metadata":{"workflowEntityId":null,"creator":{"id":"7c3531f0-a96c-4e3d-8d22-f4d730a96d1b","type":"User","tenantId":"f50d518a-e13c-4359-85f6-ef76484f4c32"},"provisioningMethod":"FromDefinition","failureAlertSubscription":true,"clientLastModifiedTime":"2020-06-14T16:23:11.8681447Z"},"$schema":"https://schema.management.azure.com/providers/Microsoft.Logic/schemas/2016-06-01/workflowdefinition.json#","contentVersion":"1.0.0.0","parameters":{"$connections":{"defaultValue":{},"type":"Object"},"$authentication":{"defaultValue":{},"type":"SecureObject"}},"triggers":{"manual":{"type":"Request","kind":"PowerApp","inputs":{"schema":{"type":"object","properties":{"ParseJSON_Content":{"type":"any","x-ms-powerflows-param-ispartial":false}},"required":["ParseJSON_Content"]}}}},"actions":{"Parse_JSON":{"runAfter":{},"type":"ParseJson","inputs":{"content":"@triggerBody()['ParseJSON_Content']","schema":{"type":"array","items":{"type":"object","properties":{"Australia":{"type":"string"},"Brazil":{"type":"string"},"Canada":{"type":"string"},"UK":{"type":"string"},"USA":{"type":"string"}},"required":["Australia","Brazil","Canada","UK","USA"]}}}},"Respond_to_a_PowerApp_or_flow":{"runAfter":{"Apply_to_each":["Succeeded"]},"type":"Response","kind":"PowerApp","inputs":{"statusCode":200,"body":{"downloadlink":"@variables('SP Link')"},"schema":{"type":"object","properties":{"downloadlink":{"title":"DownloadLink","x-ms-dynamically-added":true,"type":"string"}}}}},"Apply_to_each":{"foreach":"@body('Parse_JSON')","actions":{"Create_file":{"runAfter":{},"metadata":{"flowSystemMetadata":{"swaggerOperationId":"CreateFile"}},"type":"ApiConnection","inputs":{"host":{"connection":{"name":"@json(decodeBase64(triggerOutputs().headers['X-MS-APIM-Tokens']))['$connections']['shared_sharepointonline']['connectionId']"},"api":{"runtimeUrl":"https://asia-001.azure-apim.net/apim/sharepointonline"}},"method":"post","body":"@concat('<!DOCTYPE HTML>\n<html>\n<head>\n<script>\nwindow.onload = function() {\n\nvar chart1 = new CanvasJS.Chart(\"chartContainer1\",{\n    title :{\n        text: \"Pie Chart Data\"\n    },\n    data: [{\n\t\ttype: \"pie\",\n\t\tstartAngle: 240,\n\t\tyValueFormatString: \"##0.00\\\"%\\\"\",\n\t\tindexLabel: \"{label} {y}\",\n\t\tdataPoints: [\n\t\t\t{y:', items('Apply_to_each')['Australia'], ', label: \"Australia\"},\n{y:', items('Apply_to_each')['Brazil'], ', label: \"Brazil\"},\n{y:', items('Apply_to_each')['Canada'], ', label: \"Canada\"},\n{y:', items('Apply_to_each')['UK'], ', label: \"UK\"},\n{y:', items('Apply_to_each')['USA'], ', label: \"USA\"}\n\t\t]\n\t}]\n});\nvar chart2 = new CanvasJS.Chart(\"chartContainer2\",{\n    title :{\n\ttext: \"Column Chart\"\n    },\n    data: [{\n\ttype: \"column\",\n\tdataPoints : [\n\t    {y:', items('Apply_to_each')['Australia'], ', label: \"Australia\"},\n{y:', items('Apply_to_each')['Brazil'], ', label: \"Brazil\"},\n{y:', items('Apply_to_each')['Canada'], ', label: \"Canada\"},\n{y:', items('Apply_to_each')['UK'], ', label: \"UK\"},\n{y:', items('Apply_to_each')['USA'], ', label: \"USA\"}\n\t]\n    }]\n});\n \nchart1.render();\nchart2.render();\n\n\n}\n\n\n\n</script>\n</head>\n<body>\n<div id=\"chartContainer1\" style=\"height: 370px; width: 100%;\"></div>\n<script src=\"https://canvasjs.com/assets/script/canvasjs.min.js\"></script>\n<div id=\"chartContainer2\" style=\"height: 370px; width: 50%;text-align: center;\"></div>\n<script src=\"https://canvasjs.com/assets/script/canvasjs.min.js\"></script>\n</body>\n</html>')\n\n","path":"/datasets/@{encodeURIComponent(encodeURIComponent(variables('SP_SiteAddress')))}/files","queries":{"folderPath":"/@{variables('SP_FolderName')}","name":"@{variables('SP_FileName')}_@{formatDateTime(utcNow())}.html","queryParametersSingleEncoded":true},"authentication":{"type":"Raw","value":"@json(decodeBase64(triggerOutputs().headers['X-MS-APIM-Tokens']))['$ConnectionKey']"}},"runtimeConfiguration":{"contentTransfer":{"transferMode":"Chunked"}}},"Set_Report_Link":{"runAfter":{"Create_file":["Succeeded"]},"type":"SetVariable","inputs":{"name":"SP Link","value":"@{variables('SP_SiteAddress')}/@{body('Create_file')?['Path']}"}}},"runAfter":{"Initialize_SharePoint_File_Name_-_Add_here":["Succeeded"]},"type":"Foreach"},"Initialize_Report_Link":{"runAfter":{"Parse_JSON":["Succeeded"]},"type":"InitializeVariable","inputs":{"variables":[{"name":"SP Link","type":"string","value":"link"}]}},"Initialize_SharePoint_Site_Address_-_Add_here":{"runAfter":{"Initialize_Report_Link":["Succeeded"]},"type":"InitializeVariable","inputs":{"variables":[{"name":"SP_SiteAddress","type":"string","value":"https://mantoso.sharepoint.com/sites/UserGroup"}]}},"Initialize_Sharepoint_Folder_Name_-_Add_here":{"runAfter":{"Initialize_SharePoint_Site_Address_-_Add_here":["Succeeded"]},"type":"InitializeVariable","inputs":{"variables":[{"name":"SP_FolderName","type":"string","value":"Shared Documents"}]}},"Initialize_SharePoint_File_Name_-_Add_here":{"runAfter":{"Initialize_Sharepoint_Folder_Name_-_Add_here":["Succeeded"]},"type":"InitializeVariable","inputs":{"variables":[{"name":"SP_FileName","type":"string","value":"Exported_Charts"}]}}},"outputs":{},"description":"Create one or more actions to happen when a button or link in PowerApps is selected. To use this flow from a PowerApp, select the control you want to trigger the flow and go to the Action tab in the PowerApps ribbon and select Flows."},"connectionReferences":{"shared_sharepointonline":{"connectionName":"shared-sharepointonl-195d5007-d047-4fb6-9d67-a80daf868d01","source":"Invoker","id":"/providers/Microsoft.PowerApps/apis/shared_sharepointonline","tier":"NotSpecified"}},"flowFailureAlertSubscribed":false}}