{"schemaVersion":"1.0","appDefinitionTemplate":{"id":"/providers/Microsoft.PowerApps/apps/","type":"Microsoft.PowerApps/apps","tags":{"primaryDeviceWidth":"1366","primaryDeviceHeight":"768","sienaVersion":"20200607T212110Z-3.20054.18.0","deviceCapabilities":"","supportsPortrait":"false","supportsLandscape":"true","primaryFormFactor":"Tablet","publisherVersion":"3.20054.18","minimumRequiredApiVersion":"2.2.0","hasComponent":"false","hasUnlockedComponent":"false","isUnifiedRootApp":"false"},"properties":{"appVersion":"2020-06-07T21:21:10Z","lifeCycleId":"Published","createdByClientVersion":{"major":3,"minor":20054,"build":18,"revision":0,"majorRevision":0,"minorRevision":0},"minClientVersion":{"major":3,"minor":20054,"build":18,"revision":0,"majorRevision":0,"minorRevision":0},"backgroundColor":"rgba(0, 176, 240, 1)","backgroundImageUri":"/8165589545217196406/N0d904805-9819-4dc6-8dab-a9e5d25fbfad-logoSmallFile","displayName":"Sample Chart","description":"","commitMessage":"","appUris":{"documentUri":{"value":"/8165589545217196406/N3c2272cc-118c-47bd-b2fe-a11ed2d92c27-document.msapp","readonlyValue":"/8165589545217196406/N3c2272cc-118c-47bd-b2fe-a11ed2d92c27-document.msapp"},"imageUris":[]},"createdTime":"0001-01-01T00:00:00Z","lastModifiedTime":"0001-01-01T00:00:00Z","sharedGroupsCount":0,"sharedUsersCount":0,"icons":{"smallIconUri":"/8165589545217196406/N42b7d3fb-977b-442f-9fdf-4f34fd43a1fc-small.png","mediumIconUri":"/8165589545217196406/N4c27c199-ec67-4583-ae82-9bee66ff44ad-medium.png","largeIconUri":"/8165589545217196406/N6b655d19-3cd0-456e-9764-4501ed599773-large.png","wideIconUri":"/8165589545217196406/N302add88-43bb-40fd-9c62-ab2faa230b37-wide.png"},"connectionReferences":{},"databaseReferences":{},"almMode":"Environment","performanceOptimizationEnabled":true,"canConsumeAppPass":true},"isAppComponentLibrary":false,"appType":"ClassicCanvasApp","appComponents":[]}}